loci_sppa,multAllele,counts,het,hobs,p,q,hexp
loc17_pos17,FALSE,327,20,0.0611620795107034,0.91743119266055,0.0825688073394495,0.151502398787981
loc22_pos8,FALSE,318,109,0.342767295597484,0.64622641509434,0.35377358490566,0.457235671057316
loc31_pos32,FALSE,325,20,0.0615384615384615,0.947692307692308,0.0523076923076923,0.0991431952662721
loc35_pos69,FALSE,335,27,0.0805970149253731,0.917910447761194,0.082089552238806,0.150701715304077
loc58_pos45,FALSE,288,125,0.434027777777778,0.217013888888889,0.782986111111111,0.33983772183642
loc64_pos48,FALSE,332,14,0.0421686746987952,0.108433734939759,0.891566265060241,0.193351720133546
loc74_pos1,FALSE,324,14,0.0432098765432099,0.907407407407407,0.0925925925925926,0.168038408779149
loc75_pos33,FALSE,313,3,0.00958466453674121,0.0750798722044728,0.924920127795527,0.138885769988466
loc84_pos101,FALSE,289,38,0.131487889273356,0.930795847750865,0.0692041522491349,0.128829875121227
loc85_pos76,FALSE,319,33,0.103448275862069,0.923197492163009,0.0768025078369906,0.141807765253879
loc89_pos50,FALSE,297,16,0.0538720538720539,0.0707070707070707,0.929292929292929,0.131415161718192
loc115_pos49,FALSE,332,19,0.0572289156626506,0.0647590361445783,0.935240963855422,0.121130606764407
loc134_pos8,FALSE,318,2,0.00628930817610063,0.893081761006289,0.106918238993711,0.190973458328389
loc138_pos9,FALSE,307,85,0.276872964169381,0.298045602605863,0.701954397394137,0.418428842746342
loc143_pos5,FALSE,291,74,0.254295532646048,0.687285223367698,0.312714776632302,0.429848490216223
loc166_pos44,FALSE,310,12,0.0387096774193548,0.0645161290322581,0.935483870967742,0.120707596253902
loc168_pos9,FALSE,325,7,0.0215384615384615,0.115384615384615,0.884615384615385,0.20414201183432
loc173_pos59,FALSE,327,129,0.394495412844037,0.423547400611621,0.576452599388379,0.48831000009352
loc178_pos26,FALSE,301,14,0.0465116279069767,0.92358803986711,0.0764119601328903,0.14114634496308
loc202_pos20,FALSE,284,35,0.123239436619718,0.938380281690141,0.0616197183098591,0.115645457250545
loc214_pos41,FALSE,336,5,0.0148809523809524,0.873511904761905,0.126488095238095,0.220977714002268
loc245_pos119,FALSE,307,6,0.0195439739413681,0.130293159609121,0.869706840390879,0.226633704336386
loc253_pos9,FALSE,325,16,0.0492307692307692,0.113846153846154,0.886153846153846,0.201770414201183
loc256_pos58,FALSE,288,7,0.0243055555555556,0.137152777777778,0.862847222222222,0.236683786651235
loc262_pos35,FALSE,310,74,0.238709677419355,0.335483870967742,0.664516129032258,0.445868886576483
loc270_pos28,FALSE,286,3,0.0104895104895105,0.0576923076923077,0.942307692307692,0.108727810650888
loc272_pos27,FALSE,290,106,0.36551724137931,0.813793103448276,0.186206896551724,0.303067776456599
loc293_pos29,FALSE,316,10,0.0316455696202532,0.113924050632911,0.886075949367089,0.201890722640602
loc294_pos57,FALSE,304,11,0.0361842105263158,0.883223684210526,0.116776315789474,0.206279215720222
loc302_pos6,FALSE,287,16,0.0557491289198606,0.878048780487805,0.121951219512195,0.214158239143367
loc305_pos36,FALSE,300,14,0.0466666666666667,0.16,0.84,0.2688
loc307_pos52,FALSE,337,14,0.0415430267062315,0.13946587537092,0.86053412462908,0.240030289955886
loc329_pos3,FALSE,290,5,0.0172413793103448,0.925862068965517,0.0741379310344827,0.137282996432818
loc335_pos3,FALSE,326,36,0.110429447852761,0.819018404907976,0.180981595092024,0.296454514659942
loc340_pos81,FALSE,291,103,0.353951890034364,0.427835051546392,0.572164948453608,0.489584440429376
loc342_pos9,FALSE,289,9,0.0311418685121107,0.136678200692042,0.863321799307958,0.235994540295255
loc350_pos18,FALSE,293,6,0.0204778156996587,0.126279863481229,0.873720136518771,0.220666519120782
loc356_pos19,FALSE,303,42,0.138613861386139,0.240924092409241,0.759075907590759,0.365759348212049
loc366_pos7,FALSE,327,4,0.0122324159021407,0.883792048929664,0.116207951070336,0.205407326356741
loc385_pos31,FALSE,320,28,0.0875,0.93125,0.06875,0.128046875
loc391_pos26,FALSE,327,12,0.036697247706422,0.865443425076453,0.134556574923547,0.232902206136782
loc438_pos19,FALSE,310,0,0,0.0741935483870968,0.925806451612903,0.137377731529657
loc461_pos21,FALSE,292,8,0.0273972602739726,0.123287671232877,0.876712328767123,0.216175642709702
loc473_pos10,FALSE,326,4,0.0122699386503067,0.122699386503067,0.877300613496933,0.215288494109677
loc477_pos53,FALSE,311,4,0.0128617363344051,0.887459807073955,0.112540192926045,0.199749795804427
loc484_pos64,FALSE,324,19,0.058641975308642,0.896604938271605,0.103395061728395,0.185409045877153
loc529_pos30,FALSE,305,19,0.0622950819672131,0.0672131147540984,0.932786885245902,0.125391023918302
loc533_pos9,FALSE,329,3,0.00911854103343465,0.882978723404255,0.117021276595745,0.206654594839294
loc538_pos20,FALSE,325,43,0.132307692307692,0.9,0.1,0.18
loc549_pos34,FALSE,283,2,0.00706713780918728,0.0706713780918728,0.929328621908127,0.131353868820937
loc554_pos22,FALSE,318,6,0.0188679245283019,0.874213836477987,0.125786163522013,0.219928009176852
loc558_pos56,FALSE,303,3,0.0099009900990099,0.919141914191419,0.0808580858085809,0.148640111535906
loc562_pos38,FALSE,328,6,0.0182926829268293,0.878048780487805,0.121951219512195,0.214158239143367
loc590_pos24,FALSE,326,18,0.0552147239263804,0.941717791411043,0.058282208588957,0.109770785501901
loc596_pos8,FALSE,320,6,0.01875,0.1,0.9,0.18
loc604_pos15,FALSE,327,18,0.055045871559633,0.941896024464832,0.0581039755351682,0.109455807124354
loc614_pos76,FALSE,311,109,0.35048231511254,0.37459807073955,0.62540192926045,0.468548712275514
loc626_pos41,FALSE,290,17,0.0586206896551724,0.95,0.05,0.0950000000000001
loc632_pos3,FALSE,307,129,0.420195439739414,0.620521172638437,0.379478827361563,0.470949293891712
loc661_pos9,FALSE,323,19,0.0588235294117647,0.143962848297214,0.856037151702786,0.246475093214734
loc670_pos9,FALSE,328,7,0.0213414634146341,0.132621951219512,0.867378048780488,0.230066738548483
loc674_pos106,FALSE,321,9,0.0280373831775701,0.883177570093458,0.116822429906542,0.206349899554546
loc683_pos9,FALSE,322,20,0.062111801242236,0.934782608695652,0.0652173913043478,0.121928166351607
loc699_pos3,FALSE,321,18,0.0560747663551402,0.0716510903426791,0.928348909657321,0.133034423190769
loc735_pos48,FALSE,323,20,0.0619195046439628,0.0959752321981424,0.904024767801858,0.17352797400531
loc737_pos4,FALSE,329,18,0.0547112462006079,0.887537993920973,0.112462006079027,0.199628606535416
loc739_pos38,FALSE,297,86,0.28956228956229,0.441077441077441,0.558922558922559,0.493056264100035
loc748_pos44,FALSE,286,5,0.0174825174825175,0.127622377622378,0.872377622377622,0.222669812704778
loc750_pos123,FALSE,311,9,0.0289389067524116,0.139871382636656,0.860128617363344,0.240614757911932
loc781_pos49,FALSE,280,130,0.464285714285714,0.296428571428571,0.703571428571429,0.417117346938776
loc783_pos9,FALSE,316,59,0.186708860759494,0.884493670886076,0.115506329113924,0.2043292340971
loc784_pos23,FALSE,324,4,0.0123456790123457,0.12962962962963,0.87037037037037,0.225651577503429
loc786_pos5,FALSE,291,4,0.013745704467354,0.914089347079038,0.0859106529209622,0.157060025271312
loc793_pos5,FALSE,337,124,0.367952522255193,0.344213649851632,0.655786350148368,0.4514612262149
loc826_pos136,FALSE,324,18,0.0555555555555556,0.891975308641975,0.108024691358025,0.192710714830056
loc833_pos52,FALSE,286,104,0.363636363636364,0.367132867132867,0.632867132867133,0.464692650007335
loc837_pos47,FALSE,288,3,0.0104166666666667,0.911458333333333,0.0885416666666666,0.161404079861111
loc847_pos8,FALSE,295,3,0.0101694915254237,0.910169491525424,0.0898305084745763,0.163521976443551
loc851_pos2,FALSE,329,7,0.0212765957446809,0.870820668693009,0.129179331306991,0.224984063340139
loc856_pos22,FALSE,306,6,0.0196078431372549,0.127450980392157,0.872549019607843,0.22241445597847
loc872_pos0,FALSE,311,56,0.180064308681672,0.877813504823151,0.122186495176849,0.214513911146494
loc873_pos22,FALSE,287,58,0.202090592334495,0.850174216027875,0.149825783972125,0.254756036858527
loc878_pos1,FALSE,291,28,0.0962199312714777,0.0652920962199313,0.934707903780069,0.122058076782277
loc890_pos18,FALSE,334,12,0.0359281437125748,0.119760479041916,0.880239520958084,0.210835813403134
loc896_pos22,FALSE,320,7,0.021875,0.8671875,0.1328125,0.2303466796875
loc899_pos12,FALSE,322,8,0.0248447204968944,0.872670807453416,0.127329192546584,0.222232938544038
loc907_pos9,FALSE,310,7,0.0225806451612903,0.888709677419355,0.111290322580645,0.197809573361082
loc922_pos5,FALSE,320,95,0.296875,0.8515625,0.1484375,0.2528076171875
loc927_pos9,FALSE,317,34,0.107255520504732,0.848580441640379,0.151419558359621,0.256983351411597
loc938_pos26,FALSE,304,14,0.0460526315789474,0.0789473684210526,0.921052631578947,0.145429362880886
loc939_pos35,FALSE,331,22,0.0664652567975831,0.11178247734139,0.88821752265861,0.198574310201623
loc940_pos35,FALSE,320,36,0.1125,0.80625,0.19375,0.312421875
loc952_pos38,FALSE,314,10,0.0318471337579618,0.0668789808917197,0.93312101910828,0.124812365613209
loc968_pos42,FALSE,288,9,0.03125,0.154513888888889,0.845486111111111,0.261278694058642
loc971_pos45,FALSE,326,19,0.058282208588957,0.053680981595092,0.946319018404908,0.101598667620159
loc983_pos62,FALSE,313,13,0.0415335463258786,0.876996805111821,0.123003194888179,0.215746817870959
loc985_pos12,FALSE,335,8,0.0238805970149254,0.13134328358209,0.86865671641791,0.228184450879929
loc993_pos54,FALSE,322,22,0.0683229813664596,0.906832298136646,0.093167701863354,0.16897496238571
loc1020_pos4,FALSE,288,13,0.0451388888888889,0.157986111111111,0.842013888888889,0.266052999614197
loc1036_pos17,FALSE,320,39,0.121875,0.1109375,0.8890625,0.1972607421875
loc1038_pos42,FALSE,288,66,0.229166666666667,0.739583333333333,0.260416666666667,0.385199652777778
loc1043_pos7,FALSE,312,51,0.163461538461538,0.911858974358974,0.0881410256410257,0.160744370479947
loc1067_pos29,FALSE,310,27,0.0870967741935484,0.179032258064516,0.820967741935484,0.293959417273673
loc1071_pos66,FALSE,321,19,0.059190031152648,0.926791277258567,0.073208722741433,0.135698411312002
loc1079_pos74,FALSE,296,18,0.0608108108108108,0.918918918918919,0.081081081081081,0.149013878743608
loc1084_pos29,FALSE,312,9,0.0288461538461538,0.136217948717949,0.863782051282051,0.235325238330046
loc1085_pos3,FALSE,319,5,0.0156739811912226,0.0956112852664577,0.904388714733542,0.172939534792307
loc1094_pos13,FALSE,337,22,0.0652818991097923,0.949554896142433,0.0504451038575667,0.0958007907087321
loc1100_pos9,FALSE,324,11,0.0339506172839506,0.930555555555556,0.0694444444444444,0.129243827160494
loc1110_pos86,FALSE,322,23,0.0714285714285714,0.156832298136646,0.843167701863354,0.264471856795648
loc1139_pos5,FALSE,288,47,0.163194444444444,0.880208333333333,0.119791666666667,0.210883246527778
loc1176_pos11,FALSE,318,6,0.0188679245283019,0.874213836477987,0.125786163522013,0.219928009176852
loc1195_pos67,FALSE,332,58,0.174698795180723,0.268072289156627,0.731927710843373,0.392419073885905
loc1206_pos11,FALSE,331,26,0.0785498489425982,0.836858006042296,0.163141993957704,0.273053367530417
loc1219_pos160,FALSE,285,35,0.12280701754386,0.931578947368421,0.0684210526315789,0.127479224376731
loc1220_pos20,FALSE,321,0,0,0.0996884735202492,0.900311526479751,0.179501363534904
loc1221_pos24,FALSE,286,7,0.0244755244755245,0.131118881118881,0.868881118881119,0.227853440266028
loc1222_pos4,FALSE,322,4,0.0124223602484472,0.87888198757764,0.12111801242236,0.212896878978434
loc1245_pos175,FALSE,321,5,0.0155763239875389,0.88006230529595,0.11993769470405,0.211105288186256
loc1276_pos17,FALSE,284,5,0.0176056338028169,0.125,0.875,0.21875
loc1283_pos16,FALSE,296,3,0.0101351351351351,0.133445945945946,0.866554054054054,0.231276250913075
loc1290_pos7,FALSE,324,9,0.0277777777777778,0.109567901234568,0.890432098765432,0.19512555250724
loc1295_pos4,FALSE,283,7,0.0247349823321555,0.941696113074205,0.058303886925795,0.109809087390278
loc1299_pos57,FALSE,327,24,0.073394495412844,0.920489296636086,0.0795107033639144,0.14637750282898
loc1305_pos81,FALSE,320,16,0.05,0.91875,0.08125,0.149296875
loc1346_pos9,FALSE,290,1,0.00344827586206897,0.0637931034482759,0.936206896551724,0.119447086801427
loc1347_pos45,FALSE,323,6,0.0185758513931889,0.123839009287926,0.876160990712074,0.217005818133021
loc1348_pos105,FALSE,313,8,0.0255591054313099,0.134185303514377,0.865814696485623,0.232359215670263
loc1369_pos16,FALSE,318,16,0.050314465408805,0.160377358490566,0.839622641509434,0.269312922748309
loc1391_pos18,FALSE,292,76,0.26027397260274,0.133561643835616,0.866438356164384,0.231445862263089
loc1397_pos62,FALSE,298,135,0.453020134228188,0.246644295302013,0.753355704697987,0.371621773793973
loc1401_pos44,FALSE,323,5,0.0154798761609907,0.868421052631579,0.131578947368421,0.228531855955679
loc1407_pos48,FALSE,327,15,0.0458715596330275,0.148318042813456,0.851681957186544,0.252639601978883
loc1413_pos140,FALSE,319,108,0.338557993730408,0.636363636363636,0.363636363636364,0.462809917355372
loc1415_pos27,FALSE,321,14,0.043613707165109,0.11214953271028,0.88785046728972,0.199144030046292
loc1427_pos28,FALSE,311,7,0.022508038585209,0.133440514469453,0.866559485530547,0.231268287135162
loc1453_pos64,FALSE,319,7,0.0219435736677116,0.126959247648903,0.873040752351097,0.221681194170655
loc1464_pos22,FALSE,305,6,0.019672131147541,0.947540983606557,0.0524590163934426,0.0994141359849503
loc1483_pos12,FALSE,299,53,0.177257525083612,0.192307692307692,0.807692307692308,0.310650887573965
loc1503_pos13,FALSE,325,17,0.0523076923076923,0.946153846153846,0.0538461538461539,0.10189349112426
loc1504_pos35,FALSE,324,120,0.37037037037037,0.339506172839506,0.660493827160494,0.448483462886755
loc1513_pos8,FALSE,327,6,0.018348623853211,0.116207951070336,0.883792048929664,0.205407326356741
loc1519_pos36,FALSE,298,5,0.0167785234899329,0.129194630872483,0.870805369127517,0.225006756452412
loc1520_pos39,FALSE,332,6,0.0180722891566265,0.870481927710843,0.129518072289157,0.225486282479315
loc1522_pos128,FALSE,311,20,0.0643086816720257,0.144694533762058,0.855305466237942,0.247516051322877
loc1526_pos44,FALSE,341,7,0.0205278592375367,0.124633431085044,0.875366568914956,0.218199877882027
loc1532_pos3,FALSE,321,3,0.00934579439252336,0.123052959501558,0.876947040498442,0.215821857318931
loc1537_pos5,FALSE,326,7,0.0214723926380368,0.121165644171779,0.878834355828221,0.212969061688434
loc1549_pos6,FALSE,302,7,0.0231788079470199,0.0910596026490066,0.908940397350993,0.165535502828823
loc1554_pos16,FALSE,333,107,0.321321321321321,0.734234234234234,0.265765765765766,0.390268647025404
loc1565_pos83,FALSE,316,8,0.0253164556962025,0.924050632911392,0.0759493670886076,0.140362121454895
loc1592_pos3,FALSE,319,8,0.0250783699059561,0.86833855799373,0.13166144200627,0.228653413390199
loc1598_pos3,FALSE,335,8,0.0238805970149254,0.871641791044776,0.128358208955224,0.223764758298062
loc1607_pos11,FALSE,328,4,0.0121951219512195,0.86890243902439,0.13109756097561,0.227821980963712
loc1612_pos15,FALSE,323,27,0.0835913312693498,0.924148606811146,0.0758513931888545,0.140195918680329
loc1615_pos10,FALSE,322,5,0.015527950310559,0.119565217391304,0.880434782608696,0.210538752362949
loc1616_pos9,FALSE,305,5,0.0163934426229508,0.113114754098361,0.886885245901639,0.200639613007256
loc1636_pos71,FALSE,308,6,0.0194805194805195,0.126623376623377,0.873376623376623,0.221179794231742
loc1657_pos56,FALSE,318,24,0.0754716981132075,0.949685534591195,0.050314465408805,0.0955658399588624
loc1699_pos31,FALSE,315,16,0.0507936507936508,0.0666666666666667,0.933333333333333,0.124444444444444
loc1714_pos27,FALSE,327,10,0.0305810397553517,0.883792048929664,0.116207951070336,0.205407326356741
loc1736_pos30,FALSE,323,20,0.0619195046439628,0.931888544891641,0.0681114551083591,0.126944569582762
loc1740_pos19,FALSE,318,11,0.0345911949685535,0.143081761006289,0.856918238993711,0.245218741347257
loc1759_pos11,FALSE,319,67,0.210031347962382,0.315047021943574,0.684952978056426,0.431584791816118
loc1764_pos17,FALSE,287,4,0.0139372822299652,0.937282229965157,0.0627177700348432,0.1175685027134
loc1766_pos2,FALSE,310,1,0.0032258064516129,0.082258064516129,0.917741935483871,0.150983350676379
loc1805_pos7,FALSE,305,5,0.0163934426229508,0.126229508196721,0.873770491803279,0.22059123891427
loc1823_pos36,FALSE,305,63,0.20655737704918,0.70983606557377,0.290163934426229,0.41193765116904
loc1834_pos2,FALSE,324,7,0.0216049382716049,0.125,0.875,0.21875
loc1844_pos25,FALSE,330,6,0.0181818181818182,0.127272727272727,0.872727272727273,0.222148760330579
loc1851_pos4,FALSE,299,25,0.0836120401337793,0.834448160535117,0.165551839464883,0.276288855829353
loc1860_pos6,FALSE,290,4,0.0137931034482759,0.872413793103448,0.127586206896552,0.222615933412604
loc1882_pos7,FALSE,336,24,0.0714285714285714,0.916666666666667,0.0833333333333334,0.152777777777778
loc1923_pos44,FALSE,324,21,0.0648148148148148,0.936728395061728,0.0632716049382716,0.118536617893614
loc1931_pos16,FALSE,313,20,0.0638977635782748,0.140575079872204,0.859424920127795,0.241627453582256
loc1933_pos36,FALSE,290,15,0.0517241379310345,0.139655172413793,0.860344827586207,0.240303210463734
loc1935_pos6,FALSE,311,0,0,0.090032154340836,0.909967845659164,0.163852731051168
loc1939_pos39,FALSE,318,21,0.0660377358490566,0.866352201257862,0.133647798742138,0.231572129267039
loc1940_pos20,FALSE,302,16,0.0529801324503311,0.860927152317881,0.139072847682119,0.239463181439411
loc1941_pos10,FALSE,312,21,0.0673076923076923,0.870192307692308,0.129807692307692,0.225915310650888
loc1972_pos33,FALSE,304,114,0.375,0.80921052631579,0.19078947368421,0.308777700831025
loc1973_pos29,FALSE,332,24,0.072289156626506,0.900602409638554,0.0993975903614458,0.179035418783568
loc2012_pos0,FALSE,284,13,0.0457746478873239,0.871478873239437,0.128521126760563,0.224006893473517
loc2014_pos50,FALSE,313,4,0.012779552715655,0.0638977635782748,0.936102236421725,0.119629678775939
loc2020_pos17,FALSE,327,18,0.055045871559633,0.926605504587156,0.073394495412844,0.136015486911876
loc2023_pos6,FALSE,327,8,0.0244648318042813,0.113149847094801,0.886850152905199,0.200693918394449
loc2028_pos35,FALSE,325,12,0.0369230769230769,0.12,0.88,0.2112
loc2033_pos23,FALSE,330,12,0.0363636363636364,0.118181818181818,0.881818181818182,0.208429752066116
loc2036_pos15,FALSE,316,6,0.0189873417721519,0.120253164556962,0.879746835443038,0.211584681941996
loc2044_pos20,FALSE,326,10,0.0306748466257669,0.91717791411043,0.0828220858895705,0.151925175956942
loc2059_pos14,FALSE,309,20,0.0647249190938511,0.948220064724919,0.051779935275081,0.0981975471559788
loc2063_pos29,FALSE,317,9,0.028391167192429,0.938485804416404,0.0615141955835962,0.115460398650598
loc2082_pos16,FALSE,321,68,0.21183800623053,0.109034267912773,0.890965732087227,0.194291592666997
loc2083_pos20,FALSE,305,4,0.0131147540983607,0.0852459016393443,0.914754098360656,0.155958075786079
loc2097_pos139,FALSE,319,6,0.0188087774294671,0.128526645768025,0.871473354231975,0.224015094191291
loc2114_pos56,FALSE,303,5,0.0165016501650165,0.13036303630363,0.86963696369637,0.226737030138657
loc2134_pos43,FALSE,306,4,0.0130718954248366,0.866013071895425,0.133986928104575,0.232068862403349
loc2148_pos35,FALSE,318,125,0.393081761006289,0.378930817610063,0.621069182389937,0.470684506150864
loc2181_pos22,FALSE,322,97,0.301242236024845,0.501552795031056,0.498447204968944,0.499995177655183
loc2191_pos25,FALSE,307,18,0.0586319218241042,0.0912052117263844,0.908794788273616,0.16577364216066
loc2201_pos26,FALSE,327,10,0.0305810397553517,0.113149847094801,0.886850152905199,0.200693918394449
loc2204_pos30,FALSE,328,7,0.0213414634146341,0.132621951219512,0.867378048780488,0.230066738548483
loc2219_pos27,FALSE,287,40,0.139372822299652,0.881533101045296,0.118466898954704,0.20886498561352
loc2227_pos34,FALSE,335,40,0.119402985074627,0.904477611940299,0.0955223880597015,0.172795722878147
loc2242_pos114,FALSE,314,105,0.334394904458599,0.718152866242038,0.281847133757962,0.404818653900767
loc2252_pos23,FALSE,324,11,0.0339506172839506,0.949074074074074,0.0509259259259259,0.0966649519890261
loc2259_pos11,FALSE,287,3,0.0104529616724739,0.0993031358885017,0.900696864111498,0.178884046182423
loc2276_pos124,FALSE,318,6,0.0188679245283019,0.861635220125786,0.138364779874214,0.238439935129148
loc2288_pos24,FALSE,309,78,0.252427184466019,0.854368932038835,0.145631067961165,0.248845320011311
loc2295_pos68,FALSE,312,112,0.358974358974359,0.57051282051282,0.42948717948718,0.490055884286654
loc2301_pos11,FALSE,323,5,0.0154798761609907,0.877708978328173,0.122291021671827,0.214671855380575
loc2345_pos18,FALSE,317,2,0.00630914826498423,0.1198738170347,0.8801261829653,0.211008170048463
loc2347_pos18,FALSE,323,15,0.0464396284829721,0.902476780185758,0.0975232198142415,0.176024882822609
loc2370_pos14,FALSE,326,39,0.119631901840491,0.20398773006135,0.79601226993865,0.324753472091535
loc2378_pos41,FALSE,312,2,0.00641025641025641,0.0576923076923077,0.942307692307692,0.108727810650888
loc2383_pos151,FALSE,320,4,0.0125,0.128125,0.871875,0.22341796875
loc2389_pos20,FALSE,327,23,0.0703363914373089,0.931192660550459,0.0688073394495413,0.128145778974834
loc2396_pos5,FALSE,323,5,0.0154798761609907,0.122291021671827,0.877708978328173,0.214671855380575
loc2408_pos39,FALSE,323,25,0.0773993808049536,0.93343653250774,0.06656346749226,0.124265544575334
loc2428_pos10,FALSE,282,11,0.0390070921985816,0.132978723404255,0.867021276595745,0.23059076505206
loc2441_pos6,FALSE,331,21,0.0634441087613293,0.90785498489426,0.0921450151057401,0.167308622593806
loc2450_pos14,FALSE,307,23,0.0749185667752443,0.929967426710098,0.0700325732899023,0.130256023936594
loc2460_pos7,FALSE,302,9,0.0298013245033113,0.120860927152318,0.879139072847682,0.2125071268804
loc2464_pos0,FALSE,318,7,0.0220125786163522,0.130503144654088,0.869496855345912,0.226944147778964
loc2465_pos12,FALSE,326,80,0.245398773006135,0.315950920245399,0.684049079754601,0.432251872482969
loc2520_pos126,FALSE,325,8,0.0246153846153846,0.864615384615385,0.135384615384615,0.23411124260355
loc2527_pos58,FALSE,321,17,0.0529595015576324,0.948598130841122,0.0514018691588785,0.097519434011704
loc2530_pos13,FALSE,325,15,0.0461538461538462,0.943076923076923,0.056923076923077,0.107365680473373
loc2539_pos10,FALSE,318,14,0.0440251572327044,0.915094339622642,0.0849056603773585,0.155393378426486
loc2554_pos10,FALSE,328,5,0.0152439024390244,0.120426829268293,0.879573170731707,0.211848416121356
loc2565_pos44,FALSE,322,120,0.372670807453416,0.56832298136646,0.43167701863354,0.490663940434397
loc2567_pos20,FALSE,305,13,0.0426229508196721,0.926229508196721,0.0737704918032787,0.136656812684762
loc2570_pos7,FALSE,321,22,0.0685358255451713,0.105919003115265,0.894080996884735,0.189400335788667
loc2575_pos59,FALSE,308,21,0.0681818181818182,0.108766233766234,0.891233766233766,0.193872280317086
loc2585_pos8,FALSE,308,28,0.0909090909090909,0.0746753246753247,0.925324675324675,0.138197841119919
loc2593_pos49,FALSE,319,94,0.294670846394984,0.423197492163009,0.576802507836991,0.488202749579898
loc2597_pos7,FALSE,301,34,0.112956810631229,0.186046511627907,0.813953488372093,0.302866414277988
loc2607_pos28,FALSE,280,131,0.467857142857143,0.751785714285714,0.248214285714286,0.373207908163265
loc2611_pos49,FALSE,299,5,0.0167224080267559,0.861204013377926,0.138795986622074,0.239063321439358
loc2614_pos10,FALSE,285,0,0,0.943859649122807,0.0561403508771929,0.105977223761157
loc2643_pos5,FALSE,293,5,0.0170648464163823,0.138225255972696,0.861774744027304,0.238238069167958
loc2652_pos5,FALSE,333,157,0.471471471471471,0.749249249249249,0.250750750750751,0.375749623497371
loc2655_pos13,FALSE,289,3,0.0103806228373702,0.0709342560553633,0.929065743944637,0.131805174746471
loc2667_pos19,FALSE,330,7,0.0212121212121212,0.125757575757576,0.874242424242424,0.219885215794307
loc2678_pos22,FALSE,321,107,0.333333333333333,0.419003115264797,0.580996884735203,0.486879009326385
loc2683_pos101,FALSE,314,11,0.035031847133758,0.947452229299363,0.052547770700637,0.0995730049900605
loc2692_pos4,FALSE,313,4,0.012779552715655,0.865814696485623,0.134185303514377,0.232359215670263
loc2696_pos26,FALSE,303,54,0.178217821782178,0.257425742574257,0.742574257425743,0.382315459268699
loc2697_pos9,FALSE,299,102,0.341137123745819,0.59866220735786,0.40133779264214,0.480531537678549
loc2704_pos32,FALSE,314,21,0.0668789808917197,0.921974522292994,0.0780254777070064,0.1438750050712
loc2732_pos54,FALSE,325,7,0.0215384615384615,0.884615384615385,0.115384615384615,0.20414201183432
loc2752_pos7,FALSE,321,4,0.0124610591900312,0.0903426791277259,0.909657320872274,0.164361758911501
loc2756_pos14,FALSE,310,2,0.00645161290322581,0.938709677419355,0.0612903225806452,0.115067637877211
loc2767_pos5,FALSE,327,19,0.0581039755351682,0.922018348623853,0.0779816513761468,0.143801026849592
loc2769_pos18,FALSE,299,19,0.0635451505016722,0.0652173913043478,0.934782608695652,0.121928166351607
loc2770_pos120,FALSE,310,13,0.0419354838709677,0.946774193548387,0.0532258064516129,0.100785639958377
loc2818_pos14,FALSE,294,5,0.0170068027210884,0.94047619047619,0.0595238095238095,0.111961451247166
loc2826_pos14,FALSE,332,18,0.0542168674698795,0.921686746987952,0.0783132530120482,0.144360574829438
loc2852_pos3,FALSE,313,5,0.0159744408945687,0.129392971246006,0.870607028753994,0.225300860476273
loc2880_pos26,FALSE,325,17,0.0523076923076923,0.927692307692308,0.0723076923076923,0.134158579881657
loc2881_pos53,FALSE,321,21,0.0654205607476635,0.939252336448598,0.0607476635514018,0.114114769848895
loc2911_pos5,FALSE,329,5,0.0151975683890578,0.113981762917933,0.886018237082067,0.201979841280106
loc2915_pos127,FALSE,298,5,0.0167785234899329,0.13255033557047,0.86744966442953,0.229961488221251
loc2926_pos15,FALSE,324,4,0.0123456790123457,0.12962962962963,0.87037037037037,0.225651577503429
loc2936_pos3,FALSE,303,123,0.405940594059406,0.566006600660066,0.433993399339934,0.491286257338605
loc2938_pos28,FALSE,321,143,0.445482866043614,0.568535825545171,0.431464174454829,0.490605681233684
loc2987_pos26,FALSE,327,21,0.0642201834862385,0.0504587155963303,0.94954128440367,0.0958252672333979
loc2993_pos107,FALSE,296,4,0.0135135135135135,0.868243243243243,0.131756756756757,0.228793827611395
loc3001_pos15,FALSE,287,5,0.0174216027874564,0.935540069686411,0.0644599303135889,0.120609695395112
loc3010_pos36,FALSE,322,6,0.0186335403726708,0.869565217391304,0.130434782608696,0.226843100189036
loc3013_pos11,FALSE,315,106,0.336507936507937,0.593650793650794,0.406349206349206,0.482459057697153
loc3014_pos127,FALSE,318,4,0.0125786163522013,0.877358490566038,0.122641509433962,0.215201139195443
loc3049_pos20,FALSE,316,19,0.060126582278481,0.0522151898734177,0.947784810126582,0.0989775276398013
loc3056_pos102,FALSE,298,15,0.0503355704697987,0.119127516778523,0.880872483221476,0.209872303049412
loc3057_pos31,FALSE,315,23,0.073015873015873,0.938095238095238,0.0619047619047619,0.116145124716553
loc3074_pos90,FALSE,309,3,0.00970873786407767,0.881877022653722,0.118122977346278,0.208339879138258
loc3075_pos21,FALSE,307,6,0.0195439739413681,0.133550488599349,0.866449511400651,0.231429511188448
loc3079_pos14,FALSE,322,20,0.062111801242236,0.925465838509317,0.0745341614906833,0.137957640523128
loc3088_pos5,FALSE,324,121,0.373456790123457,0.541666666666667,0.458333333333333,0.496527777777778
loc3117_pos19,FALSE,321,9,0.0280373831775701,0.135514018691589,0.864485981308411,0.234299938859289
loc3140_pos17,FALSE,291,79,0.271477663230241,0.259450171821306,0.740549828178694,0.384271560326401
loc3150_pos44,FALSE,324,29,0.0895061728395062,0.0910493827160494,0.908950617283951,0.165518785246152
loc3155_pos17,FALSE,328,108,0.329268292682927,0.74390243902439,0.25609756097561,0.381023200475907
loc3158_pos51,FALSE,317,10,0.0315457413249211,0.126182965299685,0.873817034700315,0.220521649135726
loc3168_pos3,FALSE,332,35,0.105421686746988,0.944277108433735,0.0557228915662651,0.105235701843519
loc3172_pos19,FALSE,318,8,0.0251572327044025,0.125786163522013,0.874213836477987,0.219928009176852
loc3198_pos161,FALSE,328,51,0.155487804878049,0.208841463414634,0.791158536585366,0.330453413146936
loc3207_pos62,FALSE,304,76,0.25,0.125,0.875,0.21875
loc3221_pos31,FALSE,280,104,0.371428571428571,0.325,0.675,0.43875
loc3226_pos1,FALSE,323,33,0.102167182662539,0.825077399380805,0.174922600619195,0.288649368823625
loc3229_pos49,FALSE,325,18,0.0553846153846154,0.923076923076923,0.0769230769230769,0.142011834319527
loc3232_pos94,FALSE,322,7,0.0217391304347826,0.861801242236025,0.138198757763975,0.238199722232939
loc3258_pos20,FALSE,329,7,0.0212765957446809,0.873860182370821,0.126139817629179,0.220457128075313
loc3265_pos10,FALSE,305,111,0.363934426229508,0.381967213114754,0.618032786885246,0.472136522440204
loc3275_pos10,FALSE,323,113,0.34984520123839,0.809597523219814,0.190402476780186,0.308298747232313
loc3283_pos94,FALSE,298,86,0.288590604026846,0.604026845637584,0.395973154362416,0.478356830773389
loc3287_pos116,FALSE,322,10,0.031055900621118,0.875776397515528,0.124223602484472,0.217584198140504
loc3291_pos93,FALSE,305,9,0.0295081967213115,0.119672131147541,0.880327868852459,0.210701424348293
loc3323_pos30,FALSE,299,28,0.0936454849498328,0.94314381270903,0.0568561872909699,0.107247122515408
loc3334_pos71,FALSE,315,33,0.104761904761905,0.947619047619048,0.0523809523809524,0.0992743764172336
loc3335_pos6,FALSE,329,5,0.0151975683890578,0.117021276595745,0.882978723404255,0.206654594839294
loc3342_pos11,FALSE,303,5,0.0165016501650165,0.070957095709571,0.929042904290429,0.131844372556067
loc3344_pos15,FALSE,322,3,0.0093167701863354,0.923913043478261,0.0760869565217391,0.140595463137996
loc3355_pos11,FALSE,327,8,0.0244648318042813,0.128440366972477,0.871559633027523,0.223886878208905
loc3369_pos37,FALSE,325,6,0.0184615384615385,0.126153846153846,0.873846153846154,0.220478106508876
loc3378_pos95,FALSE,332,7,0.0210843373493976,0.881024096385542,0.118975903614458,0.209641275947162
loc3380_pos24,FALSE,298,44,0.147651006711409,0.889261744966443,0.110738255033557,0.19695058781136
loc3398_pos55,FALSE,318,15,0.0471698113207547,0.0613207547169811,0.938679245283019,0.115121039515842
loc3420_pos26,FALSE,317,10,0.0315457413249211,0.876971608832808,0.123028391167192,0.215784812268009
loc3440_pos42,FALSE,312,20,0.0641025641025641,0.153846153846154,0.846153846153846,0.260355029585799
loc3466_pos19,FALSE,317,31,0.0977917981072555,0.919558359621451,0.080441640378549,0.147941565743514
loc3469_pos33,FALSE,330,26,0.0787878787878788,0.166666666666667,0.833333333333333,0.277777777777778
loc3471_pos43,FALSE,287,6,0.0209059233449477,0.947735191637631,0.0522648083623694,0.0990663963384283
loc3483_pos61,FALSE,336,23,0.068452380952381,0.947916666666667,0.0520833333333334,0.0987413194444445
loc3514_pos3,FALSE,313,62,0.198083067092652,0.798722044728435,0.201277955271565,0.321530279986526
loc3518_pos48,FALSE,320,18,0.05625,0.053125,0.946875,0.10060546875
loc3535_pos19,FALSE,314,3,0.00955414012738853,0.128980891719745,0.871019108280255,0.224689642581849
loc3548_pos110,FALSE,322,17,0.0527950310559006,0.899068322981366,0.100931677018634,0.18148894718568
loc3564_pos15,FALSE,310,109,0.351612903225806,0.485483870967742,0.514516129032258,0.499578563995838
loc3567_pos100,FALSE,319,5,0.0156739811912226,0.126959247648903,0.873040752351097,0.221681194170655
loc3568_pos19,FALSE,320,6,0.01875,0.128125,0.871875,0.22341796875
loc3573_pos8,FALSE,281,2,0.00711743772241993,0.914590747330961,0.0854092526690391,0.156229024455111
loc3596_pos32,FALSE,320,18,0.05625,0.153125,0.846875,0.25935546875
loc3611_pos21,FALSE,322,73,0.226708074534162,0.840062111801242,0.159937888198758,0.268715520234559
loc3616_pos43,FALSE,316,5,0.0158227848101266,0.125,0.875,0.21875
loc3632_pos46,FALSE,316,14,0.0443037974683544,0.889240506329114,0.110759493670886,0.19698365646531
loc3644_pos30,FALSE,315,6,0.019047619047619,0.133333333333333,0.866666666666667,0.231111111111111
loc3651_pos35,FALSE,322,5,0.015527950310559,0.87111801242236,0.12888198757764,0.224542841711354
loc3665_pos30,FALSE,326,5,0.0153374233128834,0.124233128834356,0.875766871165644,0.217598517068764
loc3666_pos14,FALSE,326,9,0.0276073619631902,0.888036809815951,0.111963190184049,0.198854868455719
loc3667_pos46,FALSE,316,25,0.0791139240506329,0.938291139240506,0.0617088607594937,0.115801754526518
loc3688_pos56,FALSE,300,6,0.02,0.133333333333333,0.866666666666667,0.231111111111111
loc3718_pos29,FALSE,324,5,0.0154320987654321,0.868827160493827,0.131172839506173,0.227933051364121
loc3727_pos4,FALSE,294,11,0.0374149659863946,0.930272108843537,0.0697278911564626,0.12973182470267
loc3731_pos32,FALSE,305,14,0.0459016393442623,0.914754098360656,0.0852459016393443,0.155958075786079
loc3746_pos117,FALSE,326,14,0.0429447852760736,0.923312883435583,0.0766871165644172,0.141612405434905
loc3759_pos3,FALSE,314,104,0.331210191082803,0.75796178343949,0.24203821656051,0.366911436569435
loc3768_pos1,FALSE,322,20,0.062111801242236,0.15527950310559,0.84472049689441,0.262335558041742
loc3771_pos10,FALSE,315,16,0.0507936507936508,0.933333333333333,0.0666666666666667,0.124444444444444
loc3785_pos60,FALSE,305,72,0.236065573770492,0.186885245901639,0.813114754098361,0.303918301531846
loc3808_pos50,FALSE,287,3,0.0104529616724739,0.120209059233449,0.87979094076655,0.211517682623317
loc3834_pos20,FALSE,327,11,0.0336391437308868,0.117737003058104,0.882262996941896,0.207750002338
loc3836_pos33,FALSE,322,81,0.251552795031056,0.281055900621118,0.718944099378882,0.40412696269434
loc3841_pos40,FALSE,337,13,0.0385756676557863,0.120178041543027,0.879821958456973,0.211470559747819
loc3852_pos28,FALSE,330,18,0.0545454545454545,0.942424242424242,0.0575757575757576,0.10852157943067
loc3853_pos17,FALSE,285,100,0.350877192982456,0.508771929824561,0.491228070175439,0.499846106494306
loc3854_pos10,FALSE,317,36,0.113564668769716,0.151419558359621,0.848580441640379,0.256983351411597
loc3869_pos19,FALSE,331,12,0.0362537764350453,0.105740181268882,0.894259818731118,0.189118390668212
loc3897_pos37,FALSE,292,4,0.0136986301369863,0.113013698630137,0.886986301369863,0.200483205104147
loc3914_pos20,FALSE,314,5,0.0159235668789809,0.874203821656051,0.125796178343949,0.219942999716013
loc3915_pos10,FALSE,326,9,0.0276073619631902,0.884969325153374,0.115030674846626,0.203597237381911
loc3921_pos35,FALSE,306,7,0.022875816993464,0.132352941176471,0.86764705882353,0.229671280276817
loc3934_pos3,FALSE,305,5,0.0163934426229508,0.89344262295082,0.10655737704918,0.190405804891158
loc3951_pos0,FALSE,314,6,0.0191082802547771,0.127388535031847,0.872611464968153,0.222321392348574
loc3958_pos24,FALSE,324,119,0.367283950617284,0.674382716049383,0.325617283950617,0.439181336686481
loc3962_pos46,FALSE,312,7,0.0224358974358974,0.870192307692308,0.129807692307692,0.225915310650888
loc3970_pos7,FALSE,332,126,0.379518072289157,0.442771084337349,0.557228915662651,0.493449702424154
loc3971_pos142,FALSE,323,7,0.021671826625387,0.125386996904025,0.874613003095975,0.21933019582283
loc3973_pos24,FALSE,333,7,0.021021021021021,0.133633633633634,0.866366366366366,0.231551371191011
loc3975_pos10,FALSE,314,113,0.359872611464968,0.418789808917197,0.581210191082802,0.486809809728589
loc3993_pos44,FALSE,316,18,0.0569620253164557,0.89873417721519,0.10126582278481,0.182022111841051
loc3996_pos36,FALSE,322,89,0.27639751552795,0.78416149068323,0.21583850931677,0.338504494425369
loc4041_pos62,FALSE,330,16,0.0484848484848485,0.948484848484848,0.0515151515151515,0.097722681359045
loc4043_pos77,FALSE,324,22,0.0679012345679012,0.148148148148148,0.851851851851852,0.252400548696845
loc4061_pos33,FALSE,320,16,0.05,0.88125,0.11875,0.209296875
loc4107_pos8,FALSE,315,22,0.0698412698412698,0.126984126984127,0.873015873015873,0.221718316956412
loc4126_pos14,FALSE,309,102,0.330097087378641,0.676375404530744,0.323624595469256,0.437783433353233
loc4131_pos33,FALSE,286,45,0.157342657342657,0.847902097902098,0.152097902097902,0.257928260550638
loc4140_pos15,FALSE,308,6,0.0194805194805195,0.918831168831169,0.0811688311688312,0.149160904031034
loc4165_pos32,FALSE,318,6,0.0188679245283019,0.128930817610063,0.871069182389937,0.224615323760927
loc4167_pos13,FALSE,286,5,0.0174825174825175,0.0646853146853147,0.935314685314685,0.121002249498753
loc4176_pos29,FALSE,323,22,0.0681114551083591,0.928792569659443,0.0712074303405573,0.132273864409704
loc4206_pos11,FALSE,284,115,0.404929577464789,0.589788732394366,0.410211267605634,0.483875967070026
loc4210_pos0,FALSE,296,17,0.0574324324324324,0.920608108108108,0.0793918918918919,0.146177638787436
loc4217_pos14,FALSE,327,92,0.281345565749235,0.782874617737003,0.217125382262997,0.339963901280289
loc4218_pos5,FALSE,321,55,0.171339563862928,0.855140186915888,0.144859813084112,0.247750895274696
loc4223_pos21,FALSE,331,110,0.332326283987915,0.495468277945619,0.504531722054381,0.499958926990444
loc4238_pos24,FALSE,312,2,0.00641025641025641,0.871794871794872,0.128205128205128,0.22353714661407
loc4241_pos40,FALSE,295,3,0.0101694915254237,0.940677966101695,0.059322033898305,0.111605860384947
loc4244_pos144,FALSE,307,13,0.0423452768729642,0.936482084690554,0.0635179153094463,0.118966779488377
loc4258_pos11,FALSE,322,108,0.335403726708075,0.22360248447205,0.77639751552795,0.347208826819953
loc4261_pos24,FALSE,288,25,0.0868055555555556,0.147569444444444,0.852430555555556,0.251585407021605
loc4266_pos17,FALSE,329,71,0.21580547112462,0.737082066869301,0.262917933130699,0.387584187137961
loc4293_pos2,FALSE,323,16,0.0495356037151703,0.897832817337461,0.102167182662539,0.183458098898676
loc4295_pos3,FALSE,321,9,0.0280373831775701,0.113707165109034,0.886292834890966,0.201555691423802
loc4327_pos11,FALSE,343,30,0.087463556851312,0.927113702623907,0.0728862973760933,0.135147770061794
loc4328_pos80,FALSE,285,7,0.0245614035087719,0.945614035087719,0.0543859649122806,0.102856263465682
loc4359_pos30,FALSE,296,64,0.216216216216216,0.834459459459459,0.165540540540541,0.276273739956172
loc4366_pos19,FALSE,326,87,0.266871165644172,0.188650306748466,0.811349693251534,0.306122737024352
loc4373_pos39,FALSE,328,19,0.0579268292682927,0.0899390243902439,0.910060975609756,0.16369999256395
loc4376_pos8,FALSE,299,36,0.120401337792642,0.882943143812709,0.117056856187291,0.206709097213678
loc4391_pos22,FALSE,284,43,0.151408450704225,0.89612676056338,0.10387323943662,0.186167179131125
loc4408_pos13,FALSE,329,29,0.088145896656535,0.0775075987841945,0.922492401215805,0.143000341829806
loc4444_pos104,FALSE,317,4,0.0126182965299685,0.123028391167192,0.876971608832808,0.215784812268009
loc4450_pos39,FALSE,317,64,0.201892744479495,0.867507886435331,0.132492113564669,0.229875906815671
loc4462_pos55,FALSE,299,56,0.187290969899666,0.849498327759197,0.150501672240803,0.255701837787049
loc4470_pos13,FALSE,297,17,0.0572390572390572,0.14983164983165,0.85016835016835,0.254764253080751
loc4474_pos20,FALSE,324,9,0.0277777777777778,0.125,0.875,0.21875
loc4481_pos112,FALSE,318,6,0.0188679245283019,0.125786163522013,0.874213836477987,0.219928009176852
loc4487_pos42,FALSE,314,9,0.0286624203821656,0.138535031847134,0.861464968152866,0.238686153596495
loc4504_pos4,FALSE,313,5,0.0159744408945687,0.905750798722045,0.0942492012779552,0.170732578672845
loc4505_pos1,FALSE,323,52,0.160990712074303,0.111455108359133,0.888544891640867,0.198065734359574
loc4508_pos9,FALSE,332,19,0.0572289156626506,0.920180722891566,0.0798192771084337,0.146896320220642
loc4516_pos56,FALSE,328,8,0.024390243902439,0.13719512195122,0.86280487804878,0.236745240928019
loc4541_pos68,FALSE,332,7,0.0210843373493976,0.875,0.125,0.21875
loc4554_pos26,FALSE,307,136,0.44299674267101,0.596091205211726,0.403908794788274,0.481532960561916
loc4567_pos60,FALSE,296,6,0.0202702702702703,0.118243243243243,0.881756756756757,0.208523557341125
loc4577_pos22,FALSE,331,10,0.0302114803625378,0.120845921450151,0.879154078549849,0.21248436943803
loc4583_pos5,FALSE,327,81,0.247706422018349,0.77217125382263,0.22782874617737,0.351845617185235
loc4603_pos38,FALSE,329,19,0.0577507598784195,0.916413373860182,0.0835866261398176,0.15319980414076
loc4629_pos44,FALSE,305,4,0.0131147540983607,0.934426229508197,0.0655737704918032,0.122547702230583
loc4646_pos28,FALSE,317,107,0.337539432176656,0.714511041009464,0.285488958990536,0.407970026570072
loc4648_pos15,FALSE,329,101,0.306990881458967,0.351063829787234,0.648936170212766,0.455636034404708
loc4652_pos5,FALSE,311,105,0.337620578778135,0.30064308681672,0.69935691318328,0.420513642332069
loc4672_pos14,FALSE,291,69,0.237113402061856,0.757731958762887,0.242268041237113,0.367148474864491
loc4675_pos35,FALSE,287,4,0.0139372822299652,0.881533101045296,0.118466898954704,0.20886498561352
loc4681_pos20,FALSE,313,6,0.0191693290734824,0.130990415335463,0.869009584664537,0.227663852851412
loc4692_pos96,FALSE,320,34,0.10625,0.915625,0.084375,0.15451171875
loc4712_pos14,FALSE,314,107,0.340764331210191,0.718152866242038,0.281847133757962,0.404818653900767
loc4748_pos26,FALSE,328,21,0.0640243902439024,0.888719512195122,0.111280487804878,0.197794281677573
loc4752_pos29,FALSE,319,100,0.313479623824451,0.74294670846395,0.25705329153605,0.381953793693065
loc4806_pos4,FALSE,320,116,0.3625,0.565625,0.434375,0.49138671875
loc4820_pos13,FALSE,319,5,0.0156739811912226,0.117554858934169,0.882445141065831,0.207471428150274
loc4822_pos15,FALSE,291,12,0.0412371134020619,0.900343642611684,0.0996563573883161,0.179449935640817
loc4823_pos7,FALSE,320,7,0.021875,0.1234375,0.8765625,0.2164013671875
loc4831_pos14,FALSE,295,47,0.159322033898305,0.0864406779661017,0.913559322033898,0.157937374317725
loc4847_pos52,FALSE,318,83,0.261006289308176,0.643081761006289,0.356918238993711,0.459055219334678
loc4897_pos22,FALSE,313,9,0.0287539936102236,0.934504792332268,0.0654952076677316,0.122411170880585
loc4916_pos30,FALSE,287,28,0.0975609756097561,0.912891986062718,0.0871080139372822,0.159040415690369
loc4924_pos7,FALSE,298,71,0.238255033557047,0.159395973154362,0.840604026845638,0.267977793793072
loc4934_pos0,FALSE,321,6,0.0186915887850467,0.127725856697819,0.872274143302181,0.222823924457255
loc4953_pos97,FALSE,319,10,0.0313479623824451,0.899686520376176,0.100313479623824,0.18050137085917
loc4986_pos104,FALSE,302,117,0.387417218543046,0.630794701986755,0.369205298013245,0.465785491864392
loc4990_pos15,FALSE,285,13,0.0456140350877193,0.93859649122807,0.0614035087719298,0.115266235764851
loc5042_pos7,FALSE,319,86,0.269592476489028,0.272727272727273,0.727272727272727,0.396694214876033
loc5054_pos45,FALSE,285,10,0.0350877192982456,0.112280701754386,0.887719298245614,0.199347491535857
loc5055_pos57,FALSE,317,5,0.0157728706624606,0.0583596214511041,0.941640378548896,0.109907552070376
loc5082_pos78,FALSE,333,21,0.0630630630630631,0.0795795795795796,0.92042042042042,0.146493340187034
loc5087_pos28,FALSE,312,16,0.0512820512820513,0.942307692307692,0.0576923076923077,0.108727810650888
loc5115_pos31,FALSE,305,13,0.0426229508196721,0.0540983606557377,0.945901639344262,0.102343456060199
loc5124_pos9,FALSE,332,9,0.0271084337349398,0.109939759036145,0.890060240963855,0.195706016838438
loc5158_pos8,FALSE,304,8,0.0263157894736842,0.131578947368421,0.868421052631579,0.228531855955679
loc5162_pos8,FALSE,311,6,0.0192926045016077,0.138263665594855,0.861736334405145,0.238293648742259
loc5165_pos34,FALSE,299,10,0.0334448160535117,0.123745819397993,0.876254180602007,0.216865583159025
loc5170_pos7,FALSE,306,1,0.00326797385620915,0.880718954248366,0.119281045751634,0.210106155752061
loc5175_pos64,FALSE,332,23,0.0692771084337349,0.0647590361445783,0.935240963855422,0.121130606764407
loc5215_pos29,FALSE,328,7,0.0213414634146341,0.867378048780488,0.132621951219512,0.230066738548483
loc5226_pos112,FALSE,280,95,0.339285714285714,0.230357142857143,0.769642857142857,0.354585459183673
loc5227_pos6,FALSE,310,2,0.00645161290322581,0.912903225806452,0.0870967741935483,0.159021852237253
loc5254_pos14,FALSE,318,1,0.00314465408805031,0.938679245283019,0.0613207547169812,0.115121039515842
loc5259_pos3,FALSE,306,3,0.00980392156862745,0.880718954248366,0.119281045751634,0.210106155752061
loc5274_pos2,FALSE,316,6,0.0189873417721519,0.908227848101266,0.0917721518987342,0.16670004806922
loc5282_pos17,FALSE,322,23,0.0714285714285714,0.933229813664596,0.0667701863354038,0.124623857104278
loc5294_pos5,FALSE,327,163,0.498470948012232,0.435779816513761,0.564220183486239,0.491751536065988
loc5295_pos33,FALSE,327,87,0.26605504587156,0.13302752293578,0.86697247706422,0.230662402154701
loc5299_pos28,FALSE,285,0,0,0.119298245614035,0.880701754385965,0.210132348414897
loc5336_pos9,FALSE,335,22,0.0656716417910448,0.91044776119403,0.0895522388059702,0.163065270661617
loc5339_pos18,FALSE,308,7,0.0227272727272727,0.125,0.875,0.21875
loc5343_pos44,FALSE,311,8,0.0257234726688103,0.881028938906752,0.118971061093248,0.209633895431189
loc5352_pos33,FALSE,318,5,0.0157232704402516,0.111635220125786,0.888364779874214,0.198345595506507
loc5362_pos58,FALSE,329,11,0.033434650455927,0.129179331306991,0.870820668693009,0.224984063340139
loc5376_pos21,FALSE,311,90,0.289389067524116,0.713826366559486,0.286173633440514,0.408556569927937
loc5377_pos140,FALSE,290,91,0.313793103448276,0.291379310344828,0.708620689655172,0.4129548156956
loc5380_pos145,FALSE,296,160,0.540540540540541,0.550675675675676,0.449324324324324,0.494863951789627
loc5382_pos6,FALSE,310,79,0.254838709677419,0.775806451612903,0.224193548387097,0.347861602497399
loc5389_pos33,FALSE,335,11,0.0328358208955224,0.117910447761194,0.882089552238806,0.208015148139898
loc5393_pos79,FALSE,325,10,0.0307692307692308,0.901538461538462,0.0984615384615385,0.177533727810651
loc5402_pos103,FALSE,322,90,0.279503105590062,0.167701863354037,0.832298136645963,0.279155896763242
loc5414_pos20,FALSE,330,127,0.384848484848485,0.568181818181818,0.431818181818182,0.490702479338843
loc5445_pos37,FALSE,319,8,0.0250783699059561,0.0658307210031348,0.934169278996865,0.122994074350684
loc5449_pos58,FALSE,308,10,0.0324675324675325,0.107142857142857,0.892857142857143,0.191326530612245
loc5450_pos135,FALSE,280,6,0.0214285714285714,0.0857142857142857,0.914285714285714,0.156734693877551
loc5470_pos101,FALSE,306,6,0.0196078431372549,0.124183006535948,0.875816993464052,0.217523174847281
loc5485_pos39,FALSE,304,12,0.0394736842105263,0.111842105263158,0.888157894736842,0.198666897506925
loc5495_pos28,FALSE,322,22,0.0683229813664596,0.142857142857143,0.857142857142857,0.244897959183673
loc5496_pos9,FALSE,309,0,0,0.255663430420712,0.744336569579288,0.380599281532452
loc5517_pos78,FALSE,337,25,0.0741839762611276,0.94213649851632,0.0578635014836796,0.109030633359456
loc5519_pos4,FALSE,286,0,0,0.909090909090909,0.0909090909090909,0.165289256198347
loc5525_pos63,FALSE,328,6,0.0182926829268293,0.11890243902439,0.88109756097561,0.209529298036883
loc5530_pos12,FALSE,280,31,0.110714285714286,0.0589285714285714,0.941071428571429,0.110911989795918
loc5537_pos4,FALSE,322,6,0.0186335403726708,0.12111801242236,0.87888198757764,0.212896878978434
loc5546_pos100,FALSE,321,2,0.00623052959501558,0.127725856697819,0.872274143302181,0.222823924457255
loc5553_pos14,FALSE,305,6,0.019672131147541,0.127868852459016,0.872131147540984,0.223036818059661
loc5554_pos38,FALSE,334,7,0.0209580838323353,0.869760479041916,0.130239520958084,0.226554376277385
loc5560_pos13,FALSE,329,9,0.027355623100304,0.889057750759878,0.110942249240122,0.197268133147329
loc5571_pos32,FALSE,295,4,0.0135593220338983,0.0813559322033898,0.91864406779661,0.149474288997415
loc5578_pos21,FALSE,302,109,0.360927152317881,0.58112582781457,0.41887417218543,0.486837200122802
loc5579_pos14,FALSE,313,122,0.389776357827476,0.699680511182109,0.300319488817891,0.420255386908104
loc5584_pos89,FALSE,310,60,0.193548387096774,0.241935483870968,0.758064516129032,0.366805411030177
loc5585_pos119,FALSE,296,2,0.00675675675675676,0.108108108108108,0.891891891891892,0.192841490138787
loc5598_pos14,FALSE,313,35,0.111821086261981,0.0623003194888179,0.937699680511182,0.116837979360818
loc5620_pos9,FALSE,298,5,0.0167785234899329,0.880872483221476,0.119127516778524,0.209872303049412
loc5625_pos37,FALSE,309,25,0.0809061488673139,0.94336569579288,0.0566343042071198,0.10685371958819
loc5646_pos55,FALSE,312,5,0.016025641025641,0.133012820512821,0.86698717948718,0.230640820184089
loc5660_pos26,FALSE,313,32,0.10223642172524,0.188498402555911,0.81150159744409,0.305933509579561
loc5663_pos124,FALSE,322,55,0.170807453416149,0.150621118012422,0.849378881987578,0.255868793642221
loc5667_pos19,FALSE,293,7,0.0238907849829352,0.107508532423208,0.892491467576792,0.191900895758832
loc5693_pos15,FALSE,322,45,0.139751552795031,0.892857142857143,0.107142857142857,0.191326530612245
loc5700_pos7,FALSE,303,9,0.0297029702970297,0.87953795379538,0.12046204620462,0.211901883257633
loc5710_pos18,FALSE,317,5,0.0157728706624606,0.894321766561514,0.105678233438486,0.189020688831613
loc5734_pos8,FALSE,325,123,0.378461538461538,0.361538461538462,0.638461538461538,0.461656804733728
loc5741_pos18,FALSE,319,100,0.313479623824451,0.567398119122257,0.432601880877743,0.490914987077564
loc5765_pos17,FALSE,316,59,0.186708860759494,0.862341772151899,0.137658227848101,0.237416880307643
loc5766_pos38,FALSE,330,23,0.0696969696969697,0.91969696969697,0.0803030303030303,0.147708907254362
loc5777_pos44,FALSE,317,6,0.0189274447949527,0.1198738170347,0.8801261829653,0.211008170048463
loc5778_pos2,FALSE,311,105,0.337620578778135,0.464630225080386,0.535369774919614,0.497497958044272
loc5787_pos23,FALSE,295,20,0.0677966101694915,0.938983050847458,0.0610169491525424,0.114587762137317
loc5804_pos20,FALSE,280,34,0.121428571428571,0.921428571428571,0.0785714285714286,0.144795918367347
loc5812_pos44,FALSE,299,6,0.020066889632107,0.096989966555184,0.903010033444816,0.175165825885616
loc5830_pos95,FALSE,320,8,0.025,0.11875,0.88125,0.209296875
loc5840_pos12,FALSE,330,25,0.0757575757575758,0.95,0.05,0.0950000000000001
loc5842_pos7,FALSE,317,15,0.0473186119873817,0.894321766561514,0.105678233438486,0.189020688831613
loc5846_pos154,FALSE,302,4,0.0132450331125828,0.122516556291391,0.877483443708609,0.215012499451778
loc5851_pos14,FALSE,320,86,0.26875,0.275,0.725,0.39875
loc5867_pos0,FALSE,328,10,0.0304878048780488,0.121951219512195,0.878048780487805,0.214158239143367
loc5874_pos27,FALSE,281,12,0.0427046263345196,0.153024911032028,0.846975088967971,0.259216575271336
loc5875_pos34,FALSE,319,67,0.210031347962382,0.816614420062696,0.183385579937304,0.299510618016725
loc5880_pos36,FALSE,319,25,0.0783699059561129,0.945141065830721,0.054858934169279,0.103698863022179
loc5887_pos30,FALSE,314,20,0.0636942675159236,0.882165605095541,0.117834394904459,0.207898900563917
loc5889_pos26,FALSE,302,7,0.0231788079470199,0.872516556291391,0.127483443708609,0.222462830577606
loc5898_pos41,FALSE,318,14,0.0440251572327044,0.886792452830189,0.113207547169811,0.200783196867212
loc5906_pos50,FALSE,296,12,0.0405405405405405,0.0878378378378378,0.912162162162162,0.160244704163623
loc5922_pos4,FALSE,329,17,0.0516717325227964,0.943768996960486,0.0562310030395137,0.106138154673368
loc5932_pos27,FALSE,331,26,0.0785498489425982,0.909365558912387,0.0906344410876133,0.164839678352699
loc5950_pos19,FALSE,331,55,0.166163141993958,0.88368580060423,0.11631419939577,0.205570412829383
loc5954_pos60,FALSE,310,11,0.0354838709677419,0.869354838709677,0.130645161290323,0.227154006243496
loc5956_pos2,FALSE,337,9,0.0267062314540059,0.111275964391691,0.888724035608309,0.197787248280781
loc5970_pos26,FALSE,323,15,0.0464396284829721,0.140866873065015,0.859133126934985,0.242046794275801
loc5975_pos26,FALSE,327,62,0.18960244648318,0.877675840978593,0.122324159021407,0.214721918282225
loc5985_pos44,FALSE,296,16,0.0540540540540541,0.101351351351351,0.898648648648649,0.182158509861213
loc5992_pos77,FALSE,331,50,0.151057401812689,0.163141993957704,0.836858006042296,0.273053367530417
loc5993_pos21,FALSE,324,50,0.154320987654321,0.222222222222222,0.777777777777778,0.345679012345679
loc5997_pos8,FALSE,327,19,0.0581039755351682,0.922018348623853,0.0779816513761468,0.143801026849592
loc6003_pos13,FALSE,290,88,0.303448275862069,0.282758620689655,0.717241379310345,0.405612366230678
loc6023_pos30,FALSE,319,16,0.0501567398119122,0.912225705329154,0.0877742946708464,0.160139935731764
loc6035_pos60,FALSE,330,13,0.0393939393939394,0.874242424242424,0.125757575757576,0.219885215794307
loc6049_pos38,FALSE,321,25,0.0778816199376947,0.0514018691588785,0.948598130841122,0.0975194340117041
loc6054_pos25,FALSE,316,44,0.139240506329114,0.89873417721519,0.10126582278481,0.182022111841051
loc6059_pos68,FALSE,302,6,0.0198675496688742,0.867549668874172,0.132450331125828,0.229814481820973
loc6065_pos78,FALSE,331,18,0.054380664652568,0.91238670694864,0.0876132930513596,0.159874407864112
loc6066_pos0,FALSE,307,11,0.0358306188925081,0.0765472312703583,0.923452768729642,0.141375505310401
loc6080_pos11,FALSE,298,22,0.0738255033557047,0.838926174496644,0.161073825503356,0.27025809648214
loc6085_pos6,FALSE,303,22,0.0726072607260726,0.128712871287129,0.871287128712871,0.224291736104304
loc6086_pos21,FALSE,331,30,0.0906344410876133,0.858006042296072,0.141993957703928,0.243663347359006
loc6096_pos107,FALSE,303,13,0.0429042904290429,0.836633663366337,0.163366336633663,0.27335555337712
loc6099_pos6,FALSE,293,0,0,0.918088737201365,0.0819112627986348,0.150403615650736
loc6104_pos25,FALSE,302,35,0.115894039735099,0.935430463576159,0.0645695364238411,0.120800622779703
loc6106_pos46,FALSE,313,13,0.0415335463258786,0.857827476038339,0.142172523961661,0.243918994784064
loc6123_pos106,FALSE,324,120,0.37037037037037,0.197530864197531,0.802469135802469,0.317024843773815
loc6126_pos10,FALSE,319,9,0.0282131661442006,0.904388714733542,0.0956112852664577,0.172939534792307
loc6141_pos67,FALSE,317,8,0.0252365930599369,0.123028391167192,0.876971608832808,0.215784812268009
loc6149_pos2,FALSE,295,5,0.0169491525423729,0.869491525423729,0.130508474576271,0.226952025280092
loc6152_pos72,FALSE,319,8,0.0250783699059561,0.13166144200627,0.86833855799373,0.228653413390199
loc6167_pos3,FALSE,317,20,0.0630914826498423,0.946372239747634,0.0536277602523659,0.101503647165361
loc6183_pos44,FALSE,303,32,0.105610561056106,0.214521452145215,0.785478547854785,0.337003997429446
loc6185_pos5,FALSE,321,8,0.0249221183800623,0.931464174454829,0.0685358255451713,0.127677332324026
loc6203_pos36,FALSE,318,4,0.0125786163522013,0.880503144654088,0.119496855345912,0.2104347138167
loc6221_pos2,FALSE,331,8,0.0241691842900302,0.873111782477341,0.126888217522659,0.221575195553162
loc6222_pos61,FALSE,284,2,0.00704225352112676,0.0880281690140845,0.911971830985915,0.160558420948225
loc6257_pos20,FALSE,312,3,0.00961538461538462,0.0977564102564103,0.90224358974359,0.176400189020381
loc6259_pos17,FALSE,327,10,0.0305810397553517,0.886850152905199,0.113149847094801,0.200693918394449
loc6264_pos16,FALSE,317,121,0.381703470031546,0.427444794952681,0.572555205047319,0.489471484441083
loc6270_pos52,FALSE,300,7,0.0233333333333333,0.138333333333333,0.861666666666667,0.238394444444444
loc6283_pos32,FALSE,327,45,0.137614678899083,0.848623853211009,0.151376146788991,0.256922817944617
loc6300_pos31,FALSE,286,93,0.325174825174825,0.641608391608392,0.358391608391608,0.459894126852169
loc6314_pos22,FALSE,317,21,0.0662460567823344,0.941640378548896,0.0583596214511041,0.109907552070376
loc6355_pos35,FALSE,318,26,0.0817610062893082,0.128930817610063,0.871069182389937,0.224615323760927
loc6370_pos49,FALSE,290,27,0.0931034482758621,0.0637931034482759,0.936206896551724,0.119447086801427
loc6381_pos23,FALSE,314,14,0.0445859872611465,0.894904458598726,0.105095541401274,0.188100937157694
loc6384_pos29,FALSE,323,4,0.0123839009287926,0.123839009287926,0.876160990712074,0.217005818133021
loc6393_pos9,FALSE,319,13,0.0407523510971787,0.117554858934169,0.882445141065831,0.207471428150274
loc6420_pos0,FALSE,311,14,0.045016077170418,0.122186495176849,0.877813504823151,0.214513911146494
loc6426_pos6,FALSE,307,130,0.423452768729642,0.54071661237785,0.45928338762215,0.496684314952944
loc6429_pos3,FALSE,337,128,0.379821958456973,0.810089020771513,0.189910979228487,0.307689598393928
loc6438_pos33,FALSE,306,27,0.0882352941176471,0.946078431372549,0.053921568627451,0.102028066128412
loc6454_pos1,FALSE,325,5,0.0153846153846154,0.121538461538462,0.878461538461538,0.213533727810651
loc6458_pos13,FALSE,314,39,0.124203821656051,0.071656050955414,0.928343949044586,0.133042922633778
loc6519_pos29,FALSE,326,38,0.116564417177914,0.941717791411043,0.058282208588957,0.109770785501901
loc6530_pos8,FALSE,302,2,0.00662251655629139,0.0629139072847682,0.937086092715232,0.117911495109864
loc6532_pos12,FALSE,328,8,0.024390243902439,0.128048780487805,0.871951219512195,0.223304580606782
loc6575_pos35,FALSE,325,22,0.0676923076923077,0.932307692307692,0.0676923076923077,0.126220118343195
loc6578_pos2,FALSE,315,11,0.0349206349206349,0.925396825396825,0.0746031746031746,0.138075081884606
